Workbook

Sheet Registros
A1: id_registro | B1: id_empleado | C1: nombre_completo | D1: departamento | E1: accion | F1: fecha | G1: hora | H1: observaciones | I1: hora_inicio_prevista | J1: hora_fin_prevista | K1: diferencia_min | L1: cumplimiento | M1: hora_inicio_descanso_prevista | N1: hora_fin_descanso_prevista
A2: 1 | B2: EMP-001 | C2: Ana García | D2: Reservas y Emisión | E2: Entrada a Turno | F2: 2026-09-29 | G2: 08:30:00 | H2: Prueba: jornada histórica | I2: 08:30 | J2: 17:00 | K2: =IF(OR(D2="",E2="",G2=""),"",IF(ISNUMBER(SEARCH("Entrada",E2)),ROUND((VALUE(LEFT(G2,2))*60+VALUE(MID(G2,4,2))+VALUE(RIGHT(G2,2))/60)-(VALUE(LEFT(I2,2))*60+VALUE(MID(I2,4,2))),0),IF(ISNUMBER(SEARCH("Salida",E2)),ROUND((VALUE(LEFT(G2,2))*60+VALUE(MID(G2,4,2))+VALUE(RIGHT(G2,2))/60)-(VALUE(LEFT(J2,2))*60+VALUE(MID(J2,4,2))),0),""))) | L2: =IF(OR(D2="",E2="",G2=""),"",IF(ISNUMBER(SEARCH("Entrada",E2)),IF(K2<=IFERROR(VLOOKUP(D2,Departamentos!$A$2:$D$100,4,FALSE),0),"A tiempo","Tarde"),IF(ISNUMBER(SEARCH("Salida",E2)),IF(K2>=-IFERROR(VLOOKUP(D2,Departamentos!$A$2:$D$100,4,FALSE),0),"Cumple horario","Salida anticipada"),"No aplica")))
A3: 2 | B3: EMP-001 | C3: Ana García | D3: Reservas y Emisión | E3: Salida de Turno | F3: 2026-09-29 | G3: 17:00:00 | H3: Prueba: jornada histórica | I3: 08:30 | J3: 17:00 | K3: =IF(OR(D3="",E3="",G3=""),"",IF(ISNUMBER(SEARCH("Entrada",E3)),ROUND((VALUE(LEFT(G3,2))*60+VALUE(MID(G3,4,2))+VALUE(RIGHT(G3,2))/60)-(VALUE(LEFT(I3,2))*60+VALUE(MID(I3,4,2))),0),IF(ISNUMBER(SEARCH("Salida",E3)),ROUND((VALUE(LEFT(G3,2))*60+VALUE(MID(G3,4,2))+VALUE(RIGHT(G3,2))/60)-(VALUE(LEFT(J3,2))*60+VALUE(MID(J3,4,2))),0),""))) | L3: =IF(OR(D3="",E3="",G3=""),"",IF(ISNUMBER(SEARCH("Entrada",E3)),IF(K3<=IFERROR(VLOOKUP(D3,Departamentos!$A$2:$D$100,4,FALSE),0),"A tiempo","Tarde"),IF(ISNUMBER(SEARCH("Salida",E3)),IF(K3>=-IFERROR(VLOOKUP(D3,Departamentos!$A$2:$D$100,4,FALSE),0),"Cumple horario","Salida anticipada"),"No aplica")))
A4: 3 | B4: EMP-002 | C4: Carlos López | D4: Operaciones | E4: Entrada a Turno | F4: 2026-09-30 | G4: 08:05:00 | H4: Prueba: jornada histórica | I4: 08:00 | J4: 16:30 | K4: =IF(OR(D4="",E4="",G4=""),"",IF(ISNUMBER(SEARCH("Entrada",E4)),ROUND((VALUE(LEFT(G4,2))*60+VALUE(MID(G4,4,2))+VALUE(RIGHT(G4,2))/60)-(VALUE(LEFT(I4,2))*60+VALUE(MID(I4,4,2))),0),IF(ISNUMBER(SEARCH("Salida",E4)),ROUND((VALUE(LEFT(G4,2))*60+VALUE(MID(G4,4,2))+VALUE(RIGHT(G4,2))/60)-(VALUE(LEFT(J4,2))*60+VALUE(MID(J4,4,2))),0),""))) | L4: =IF(OR(D4="",E4="",G4=""),"",IF(ISNUMBER(SEARCH("Entrada",E4)),IF(K4<=IFERROR(VLOOKUP(D4,Departamentos!$A$2:$D$100,4,FALSE),0),"A tiempo","Tarde"),IF(ISNUMBER(SEARCH("Salida",E4)),IF(K4>=-IFERROR(VLOOKUP(D4,Departamentos!$A$2:$D$100,4,FALSE),0),"Cumple horario","Salida anticipada"),"No aplica")))
A5: 4 | B5: EMP-002 | C5: Carlos López | D5: Operaciones | E5: Salida de Turno | F5: 2026-09-30 | G5: 16:40:00 | H5: Prueba: jornada histórica | I5: 08:00 | J5: 16:30 | K5: =IF(OR(D5="",E5="",G5=""),"",IF(ISNUMBER(SEARCH("Entrada",E5)),ROUND((VALUE(LEFT(G5,2))*60+VALUE(MID(G5,4,2))+VALUE(RIGHT(G5,2))/60)-(VALUE(LEFT(I5,2))*60+VALUE(MID(I5,4,2))),0),IF(ISNUMBER(SEARCH("Salida",E5)),ROUND((VALUE(LEFT(G5,2))*60+VALUE(MID(G5,4,2))+VALUE(RIGHT(G5,2))/60)-(VALUE(LEFT(J5,2))*60+VALUE(MID(J5,4,2))),0),""))) | L5: =IF(OR(D5="",E5="",G5=""),"",IF(ISNUMBER(SEARCH("Entrada",E5)),IF(K5<=IFERROR(VLOOKUP(D5,Departamentos!$A$2:$D$100,4,FALSE),0),"A tiempo","Tarde"),IF(ISNUMBER(SEARCH("Salida",E5)),IF(K5>=-IFERROR(VLOOKUP(D5,Departamentos!$A$2:$D$100,4,FALSE),0),"Cumple horario","Salida anticipada"),"No aplica")))
A6: 5 | B6: EMP-003 | C6: Lucía Martín | D6: Recursos Humanos | E6: Entrada a Turno | F6: 2026-10-01 | G6: 08:57:00 | H6: Prueba: jornada histórica | I6: 09:00 | J6: 13:00 | K6: =IF(OR(D6="",E6="",G6=""),"",IF(ISNUMBER(SEARCH("Entrada",E6)),ROUND((VALUE(LEFT(G6,2))*60+VALUE(MID(G6,4,2))+VALUE(RIGHT(G6,2))/60)-(VALUE(LEFT(I6,2))*60+VALUE(MID(I6,4,2))),0),IF(ISNUMBER(SEARCH("Salida",E6)),ROUND((VALUE(LEFT(G6,2))*60+VALUE(MID(G6,4,2))+VALUE(RIGHT(G6,2))/60)-(VALUE(LEFT(J6,2))*60+VALUE(MID(J6,4,2))),0),""))) | L6: =IF(OR(D6="",E6="",G6=""),"",IF(ISNUMBER(SEARCH("Entrada",E6)),IF(K6<=IFERROR(VLOOKUP(D6,Departamentos!$A$2:$D$100,4,FALSE),0),"A tiempo","Tarde"),IF(ISNUMBER(SEARCH("Salida",E6)),IF(K6>=-IFERROR(VLOOKUP(D6,Departamentos!$A$2:$D$100,4,FALSE),0),"Cumple horario","Salida anticipada"),"No aplica")))
A7: 6 | B7: EMP-003 | C7: Lucía Martín | D7: Recursos Humanos | E7: Salida de Turno | F7: 2026-10-01 | G7: 12:55:00 | H7: Prueba: jornada histórica | I7: 09:00 | J7: 13:00 | K7: =IF(OR(D7="",E7="",G7=""),"",IF(ISNUMBER(SEARCH("Entrada",E7)),ROUND((VALUE(LEFT(G7,2))*60+VALUE(MID(G7,4,2))+VALUE(RIGHT(G7,2))/60)-(VALUE(LEFT(I7,2))*60+VALUE(MID(I7,4,2))),0),IF(ISNUMBER(SEARCH("Salida",E7)),ROUND((VALUE(LEFT(G7,2))*60+VALUE(MID(G7,4,2))+VALUE(RIGHT(G7,2))/60)-(VALUE(LEFT(J7,2))*60+VALUE(MID(J7,4,2))),0),""))) | L7: =IF(OR(D7="",E7="",G7=""),"",IF(ISNUMBER(SEARCH("Entrada",E7)),IF(K7<=IFERROR(VLOOKUP(D7,Departamentos!$A$2:$D$100,4,FALSE),0),"A tiempo","Tarde"),IF(ISNUMBER(SEARCH("Salida",E7)),IF(K7>=-IFERROR(VLOOKUP(D7,Departamentos!$A$2:$D$100,4,FALSE),0),"Cumple horario","Salida anticipada"),"No aplica")))
A8: 7 | B8: EMP-004 | C8: Pablo Torres | D8: Administración | E8: Entrada a Turno | F8: 2026-10-03 | G8: 08:12:00 | H8: Prueba: jornada histórica | I8: 08:00 | J8: 16:00 | K8: =IF(OR(D8="",E8="",G8=""),"",IF(ISNUMBER(SEARCH("Entrada",E8)),ROUND((VALUE(LEFT(G8,2))*60+VALUE(MID(G8,4,2))+VALUE(RIGHT(G8,2))/60)-(VALUE(LEFT(I8,2))*60+VALUE(MID(I8,4,2))),0),IF(ISNUMBER(SEARCH("Salida",E8)),ROUND((VALUE(LEFT(G8,2))*60+VALUE(MID(G8,4,2))+VALUE(RIGHT(G8,2))/60)-(VALUE(LEFT(J8,2))*60+VALUE(MID(J8,4,2))),0),""))) | L8: =IF(OR(D8="",E8="",G8=""),"",IF(ISNUMBER(SEARCH("Entrada",E8)),IF(K8<=IFERROR(VLOOKUP(D8,Departamentos!$A$2:$D$100,4,FALSE),0),"A tiempo","Tarde"),IF(ISNUMBER(SEARCH("Salida",E8)),IF(K8>=-IFERROR(VLOOKUP(D8,Departamentos!$A$2:$D$100,4,FALSE),0),"Cumple horario","Salida anticipada"),"No aplica")))
A9: 8 | B9: EMP-004 | C9: Pablo Torres | D9: Administración | E9: Salida de Turno | F9: 2026-10-03 | G9: 16:00:00 | H9: Prueba: jornada histórica | I9: 08:00 | J9: 16:00 | K9: =IF(OR(D9="",E9="",G9=""),"",IF(ISNUMBER(SEARCH("Entrada",E9)),ROUND((VALUE(LEFT(G9,2))*60+VALUE(MID(G9,4,2))+VALUE(RIGHT(G9,2))/60)-(VALUE(LEFT(I9,2))*60+VALUE(MID(I9,4,2))),0),IF(ISNUMBER(SEARCH("Salida",E9)),ROUND((VALUE(LEFT(G9,2))*60+VALUE(MID(G9,4,2))+VALUE(RIGHT(G9,2))/60)-(VALUE(LEFT(J9,2))*60+VALUE(MID(J9,4,2))),0),""))) | L9: =IF(OR(D9="",E9="",G9=""),"",IF(ISNUMBER(SEARCH("Entrada",E9)),IF(K9<=IFERROR(VLOOKUP(D9,Departamentos!$A$2:$D$100,4,FALSE),0),"A tiempo","Tarde"),IF(ISNUMBER(SEARCH("Salida",E9)),IF(K9>=-IFERROR(VLOOKUP(D9,Departamentos!$A$2:$D$100,4,FALSE),0),"Cumple horario","Salida anticipada"),"No aplica")))
A10: 9 | B10: EMP-005 | C10: Elena Ruiz | D10: Atención al Cliente | E10: Entrada a Turno | F10: 2026-10-04 | G10: 09:30:00 | H10: Prueba: jornada histórica | I10: 09:30 | J10: 18:00 | K10: =IF(OR(D10="",E10="",G10=""),"",IF(ISNUMBER(SEARCH("Entrada",E10)),ROUND((VALUE(LEFT(G10,2))*60+VALUE(MID(G10,4,2))+VALUE(RIGHT(G10,2))/60)-(VALUE(LEFT(I10,2))*60+VALUE(MID(I10,4,2))),0),IF(ISNUMBER(SEARCH("Salida",E10)),ROUND((VALUE(LEFT(G10,2))*60+VALUE(MID(G10,4,2))+VALUE(RIGHT(G10,2))/60)-(VALUE(LEFT(J10,2))*60+VALUE(MID(J10,4,2))),0),""))) | L10: =IF(OR(D10="",E10="",G10=""),"",IF(ISNUMBER(SEARCH("Entrada",E10)),IF(K10<=IFERROR(VLOOKUP(D10,Departamentos!$A$2:$D$100,4,FALSE),0),"A tiempo","Tarde"),IF(ISNUMBER(SEARCH("Salida",E10)),IF(K10>=-IFERROR(VLOOKUP(D10,Departamentos!$A$2:$D$100,4,FALSE),0),"Cumple horario","Salida anticipada"),"No aplica")))
A11: 10 | B11: EMP-005 | C11: Elena Ruiz | D11: Atención al Cliente | E11: Salida de Turno | F11: 2026-10-04 | G11: 18:10:00 | H11: Prueba: jornada histórica | I11: 09:30 | J11: 18:00 | K11: =IF(OR(D11="",E11="",G11=""),"",IF(ISNUMBER(SEARCH("Entrada",E11)),ROUND((VALUE(LEFT(G11,2))*60+VALUE(MID(G11,4,2))+VALUE(RIGHT(G11,2))/60)-(VALUE(LEFT(I11,2))*60+VALUE(MID(I11,4,2))),0),IF(ISNUMBER(SEARCH("Salida",E11)),ROUND((VALUE(LEFT(G11,2))*60+VALUE(MID(G11,4,2))+VALUE(RIGHT(G11,2))/60)-(VALUE(LEFT(J11,2))*60+VALUE(MID(J11,4,2))),0),""))) | L11: =IF(OR(D11="",E11="",G11=""),"",IF(ISNUMBER(SEARCH("Entrada",E11)),IF(K11<=IFERROR(VLOOKUP(D11,Departamentos!$A$2:$D$100,4,FALSE),0),"A tiempo","Tarde"),IF(ISNUMBER(SEARCH("Salida",E11)),IF(K11>=-IFERROR(VLOOKUP(D11,Departamentos!$A$2:$D$100,4,FALSE),0),"Cumple horario","Salida anticipada"),"No aplica")))
A12: 11 | B12: EMP-006 | C12: Diego Sánchez | D12: Reservas y Emisión | E12: Entrada a Turno | F12: 2026-10-05 | G12: 08:30:00 | H12: Prueba: jornada histórica | I12: 08:30 | J12: 17:00 | K12: =IF(OR(D12="",E12="",G12=""),"",IF(ISNUMBER(SEARCH("Entrada",E12)),ROUND((VALUE(LEFT(G12,2))*60+VALUE(MID(G12,4,2))+VALUE(RIGHT(G12,2))/60)-(VALUE(LEFT(I12,2))*60+VALUE(MID(I12,4,2))),0),IF(ISNUMBER(SEARCH("Salida",E12)),ROUND((VALUE(LEFT(G12,2))*60+VALUE(MID(G12,4,2))+VALUE(RIGHT(G12,2))/60)-(VALUE(LEFT(J12,2))*60+VALUE(MID(J12,4,2))),0),""))) | L12: =IF(OR(D12="",E12="",G12=""),"",IF(ISNUMBER(SEARCH("Entrada",E12)),IF(K12<=IFERROR(VLOOKUP(D12,Departamentos!$A$2:$D$100,4,FALSE),0),"A tiempo","Tarde"),IF(ISNUMBER(SEARCH("Salida",E12)),IF(K12>=-IFERROR(VLOOKUP(D12,Departamentos!$A$2:$D$100,4,FALSE),0),"Cumple horario","Salida anticipada"),"No aplica")))
A13: 12 | B13: EMP-006 | C13: Diego Sánchez | D13: Reservas y Emisión | E13: Salida de Turno | F13: 2026-10-05 | G13: 16:55:00 | H13: Prueba: jornada histórica | I13: 08:30 | J13: 17:00 | K13: =IF(OR(D13="",E13="",G13=""),"",IF(ISNUMBER(SEARCH("Entrada",E13)),ROUND((VALUE(LEFT(G13,2))*60+VALUE(MID(G13,4,2))+VALUE(RIGHT(G13,2))/60)-(VALUE(LEFT(I13,2))*60+VALUE(MID(I13,4,2))),0),IF(ISNUMBER(SEARCH("Salida",E13)),ROUND((VALUE(LEFT(G13,2))*60+VALUE(MID(G13,4,2))+VALUE(RIGHT(G13,2))/60)-(VALUE(LEFT(J13,2))*60+VALUE(MID(J13,4,2))),0),""))) | L13: =IF(OR(D13="",E13="",G13=""),"",IF(ISNUMBER(SEARCH("Entrada",E13)),IF(K13<=IFERROR(VLOOKUP(D13,Departamentos!$A$2:$D$100,4,FALSE),0),"A tiempo","Tarde"),IF(ISNUMBER(SEARCH("Salida",E13)),IF(K13>=-IFERROR(VLOOKUP(D13,Departamentos!$A$2:$D$100,4,FALSE),0),"Cumple horario","Salida anticipada"),"No aplica")))
... A61: 60 | B61: EMP-022 | C61: Hugo Serrano | D61: Idiomas | E61: Entrada a Turno | F61: 2026-10-29 | G61: 08:00:00 | H61: Prueba inicial: presentación de mañana | I61: 08:00 | J61: 13:00 | K61: =IF(OR(D61="",E61="",G61=""),"",IF(ISNUMBER(SEARCH("Entrada",E61)),ROUND((VALUE(LEFT(G61,2))*60+VALUE(MID(G61,4,2))+VALUE(RIGHT(G61,2))/60)-(VALUE(LEFT(I61,2))*60+VALUE(MID(I61,4,2))),0),IF(ISNUMBER(SEARCH("Salida",E61)),ROUND((VALUE(LEFT(G61,2))*60+VALUE(MID(G61,4,2))+VALUE(RIGHT(G61,2))/60)-(VALUE(LEFT(J61,2))*60+VALUE(MID(J61,4,2))),0),""))) | L61: =IF(OR(D61="",E61="",G61=""),"",IF(ISNUMBER(SEARCH("Entrada",E61)),IF(K61<=IFERROR(VLOOKUP(D61,Departamentos!$A$2:$D$100,4,FALSE),0),"A tiempo","Tarde"),IF(ISNUMBER(SEARCH("Salida",E61)),IF(K61>=-IFERROR(VLOOKUP(D61,Departamentos!$A$2:$D$100,4,FALSE),0),"Cumple horario","Salida anticipada"),"No aplica")))

Sheet Departamentos
A1: Departamento | B1: Hora entrada | C1: Hora salida | D1: Tolerancia (min) | E1: Inicio previsto descanso | F1: Fin previsto descanso
A2: Reservas y Emisión | B2: 08:30 | C2: 17:00 | D2: 10 | E2: 13:00 | F2: 13:30
A3: Operaciones | B3: 08:00 | C3: 16:30 | D3: 10 | E3: 12:00 | F3: 12:30
A4: Recursos Humanos | B4: 09:00 | C4: 13:00 | D4: 10 | E4: 11:00 | F4: 11:15
A5: Administración | B5: 08:00 | C5: 16:00 | D5: 10 | E5: 12:00 | F5: 12:30
A6: Atención al Cliente | B6: 09:30 | C6: 18:00 | D6: 10 | E6: 14:00 | F6: 14:30
A7: the corner | B7: 09:00 | C7: 20:00 | D7: 30 | E7: 14:00 | F7: 14:30
A8: Idiomas | B8: 08:00 | C8: 13:00 | D8: 10 | E8: 10:30 | F8: 10:45
